{
    "loss": 3.8764922618865967,
    "accuracy": 0.6190082430839539
}