{
    "loss": 1.6397007703781128,
    "accuracy": 0.8223140239715576
}